Lab,Target,isCtrl,Batch,dPCR,Sample code,SamName,Dilution,R1,R2,R3,R4
biodesix,N1,FALSE,1,TRUE,P1,Asuragen,1.00E-04,3720,4560,4760,3000
biodesix,N2,FALSE,1,TRUE,P1,Asuragen,1.00E-04,2740,3500,3480,1374
biodesix,RPP30,TRUE,1,TRUE,P1,Asuragen,1.00E-04,1156,1300,1520,852
biodesix,N1,FALSE,1,TRUE,P2,Imperial College,1,2,3.8,5.8,3.8
biodesix,N2,FALSE,1,TRUE,P2,Imperial College,1,2,3.8,2,3.8
biodesix,RPP30,TRUE,1,TRUE,P2,Imperial College,1,0,3.8,0,0
biodesix,N1,FALSE,1,TRUE,I1,Instand,1,468,406,240,354
biodesix,N2,FALSE,1,TRUE,I1,Instand,1,462,376,234,378
biodesix,RPP30,TRUE,1,TRUE,I1,Instand,1,0,0,0,0
biodesix,N1,FALSE,1,TRUE,R1,LGC SeraCare,1,64,58,46,48
biodesix,N2,FALSE,1,TRUE,R1,LGC SeraCare,1,44,50,36,22
biodesix,RPP30,TRUE,1,TRUE,R1,LGC SeraCare,1,0,0,0,0
biodesix,N1,FALSE,1,TRUE,I2,Microbiologics,1,158,132,104,104
biodesix,N2,FALSE,1,TRUE,I2,Microbiologics,1,144,102,88,78
biodesix,RPP30,TRUE,1,TRUE,I2,Microbiologics,1,96,88,96,48
biodesix,N1,FALSE,1,TRUE,R2,NIBSC,1,7780,8600,12920,9500
biodesix,N2,FALSE,1,TRUE,R2,NIBSC,1,4800,5780,13380,9740
biodesix,RPP30,TRUE,1,TRUE,R2,NIBSC,1,156,142,188,152
biodesix,N1,TRUE,1,TRUE,NTC,Nontemplate_control,1,0,0,0,0
biodesix,N2,TRUE,1,TRUE,NTC,Nontemplate_control,1,0,0,2.2,0
biodesix,RPP30,TRUE,1,TRUE,NTC,Nontemplate_control,1,0,0,0,0
biodesix,N1,FALSE,1,TRUE,I3,Thermo Fisher,1,28,34,22,26
biodesix,N2,FALSE,1,TRUE,I3,Thermo Fisher,1,22,22,20,28
biodesix,RPP30,TRUE,1,TRUE,I3,Thermo Fisher,1,0,0,0,0
biodesix,N1,FALSE,1,TRUE,ISN,WHO-IS_dilution_0,1,160000,198000,190000,136800
biodesix,N2,FALSE,1,TRUE,ISN,WHO-IS_dilution_0,1,152000,182000,216000,114800
biodesix,RPP30,TRUE,1,TRUE,ISN,WHO-IS_dilution_0,1,90,80,74,88
biodesix,N1,FALSE,1,TRUE,IS1,WHO-IS_dilution_1,1,20920,18580,18200,15200
biodesix,N2,FALSE,1,TRUE,IS1,WHO-IS_dilution_1,1,21900,18920,18340,15420
biodesix,RPP30,TRUE,1,TRUE,IS1,WHO-IS_dilution_1,1,11.6,24,12,12
biodesix,N1,FALSE,1,TRUE,IS2,WHO-IS_dilution_2,1,1960,2140,2100,1700
biodesix,N2,FALSE,1,TRUE,IS2,WHO-IS_dilution_2,1,2000,2200,2080,1760
biodesix,RPP30,TRUE,1,TRUE,IS2,WHO-IS_dilution_2,1,0,0,2.2,4.4
biodesix,N1,FALSE,1,TRUE,IS3,WHO-IS_dilution_3,1,180,214,224,78
biodesix,N2,FALSE,1,TRUE,IS3,WHO-IS_dilution_3,1,194,224,222,96
biodesix,RPP30,TRUE,1,TRUE,IS3,WHO-IS_dilution_3,1,0,0,0,0
biodesix,N1,FALSE,1,TRUE,IS4,WHO-IS_dilution_4,1,12,16,16,7.6
biodesix,N2,FALSE,1,TRUE,IS4,WHO-IS_dilution_4,1,9.6,18,14,7.6
biodesix,RPP30,TRUE,1,TRUE,IS4,WHO-IS_dilution_4,1,0,0,0,0
biodesix,N1,FALSE,1,TRUE,IS5,WHO-IS_dilution_5,1,4.4,2,0,2.2
biodesix,N2,FALSE,1,TRUE,IS5,WHO-IS_dilution_5,1,2.2,2,0,2.2
biodesix,RPP30,TRUE,1,TRUE,IS5,WHO-IS_dilution_5,1,0,0,0,0
biodesix,N1,FALSE,1,TRUE,IS6,WHO-IS_dilution_6,1,0,0,0,0
biodesix,N2,FALSE,1,TRUE,IS6,WHO-IS_dilution_6,1,0,2,0,0
biodesix,RPP30,TRUE,1,TRUE,IS6,WHO-IS_dilution_6,1,0,0,0,0
biodesix,N1,FALSE,1,TRUE,I4,Zeptometrix,1,104,78,104,104
biodesix,N2,FALSE,1,TRUE,I4,Zeptometrix,1,108,94,126,112
biodesix,RPP30,TRUE,1,TRUE,I4,Zeptometrix,1,0,0,0,2
Biogazelle,E:N2,FALSE,1,FALSE,P1,Asuragen,1.00E-04,20.32,20.95,20.53,20.58
Biogazelle,IS,TRUE,1,FALSE,P1,Asuragen,1.00E-04,24.96,25.48,25.14,26.34
Biogazelle,E:N2,FALSE,1,FALSE,P2,Imperial College,1,32.73,32.39,33.87,33.95
Biogazelle,IS,TRUE,1,FALSE,P2,Imperial College,1,29.14,28.96,29.19,29.37
Biogazelle,E:N2,FALSE,1,FALSE,I1,Instand,1,25.02,24.93,25.38,25.19
Biogazelle,IS,TRUE,1,FALSE,I1,Instand,1,28.4,28.52,28.48,28.6
Biogazelle,E:N2,FALSE,1,FALSE,R1,LGC SeraCare,1,28.47,27.96,28.21,28.38
Biogazelle,IS,TRUE,1,FALSE,R1,LGC SeraCare,1,29.2,28.87,29.04,29.36
Biogazelle,E:N2,FALSE,1,FALSE,I2,Microbiologics,1,24.57,24.95,24.42,24.51
Biogazelle,IS,TRUE,1,FALSE,I2,Microbiologics,1,28.39,28.62,28.3,27.87
Biogazelle,E:N2,FALSE,1,FALSE,R2,NIBSC,1,18.89,18.9,18.94,18.76
Biogazelle,IS,TRUE,1,FALSE,R2,NIBSC,1,23.83,26.33,23.83,26.27
Biogazelle,E:N2,TRUE,1,FALSE,NTC,Nontemplate_control,1,,,,
Biogazelle,IS,TRUE,1,FALSE,NTC,Nontemplate_control,1,29.27,29.29,29.35,29.6
Biogazelle,E:N2,FALSE,1,FALSE,I3,Thermo Fisher,1,29.35,28.08,29.77,28.97
Biogazelle,IS,TRUE,1,FALSE,I3,Thermo Fisher,1,29.21,29.29,29.01,29.15
Biogazelle,E:N2,FALSE,1,FALSE,ISN,WHO-IS_dilution_0,1,16.81,16.93,16.75,16.8
Biogazelle,IS,TRUE,1,FALSE,ISN,WHO-IS_dilution_0,1,22.28,22.3,22.23,22.29
Biogazelle,E:N2,FALSE,1,FALSE,IS1,WHO-IS_dilution_1,1,20.07,20.15,20.24,20
Biogazelle,IS,TRUE,1,FALSE,IS1,WHO-IS_dilution_1,1,24.68,24.78,24.79,24.62
Biogazelle,E:N2,FALSE,1,FALSE,IS2,WHO-IS_dilution_2,1,23.33,23.7,23.48,23.49
Biogazelle,IS,TRUE,1,FALSE,IS2,WHO-IS_dilution_2,1,27.75,27.68,27.43,27.38
Biogazelle,E:N2,FALSE,1,FALSE,IS3,WHO-IS_dilution_3,1,26.23,26.52,26.54,26.97
Biogazelle,IS,TRUE,1,FALSE,IS3,WHO-IS_dilution_3,1,28.56,28.94,28.77,29.01
Biogazelle,E:N2,FALSE,1,FALSE,IS4,WHO-IS_dilution_4,1,29.97,29.67,29.27,30.45
Biogazelle,IS,TRUE,1,FALSE,IS4,WHO-IS_dilution_4,1,29.31,28.88,28.7,29.46
Biogazelle,E:N2,FALSE,1,FALSE,IS5,WHO-IS_dilution_5,1,32.59,32.47,32.54,33.06
Biogazelle,IS,TRUE,1,FALSE,IS5,WHO-IS_dilution_5,1,29.11,29.23,29.26,29.44
Biogazelle,E:N2,FALSE,1,FALSE,IS6,WHO-IS_dilution_6,1,,,,
Biogazelle,IS,TRUE,1,FALSE,IS6,WHO-IS_dilution_6,1,29.13,29.11,29.27,29.12
Biogazelle,E:N2,FALSE,1,FALSE,I4,Zeptometrix,1,26.29,26.45,26.72,25.96
Biogazelle,IS,TRUE,1,FALSE,I4,Zeptometrix,1,28.86,28.98,29.13,28.46
BioRad,N1,FALSE,2,TRUE,P1,Asuragen,1.00E-05,610,507,849,720
BioRad,N2,FALSE,2,TRUE,P1,Asuragen,1.00E-05,618,475,821,699
BioRad,RPP30,TRUE,2,TRUE,P1,Asuragen,1.00E-05,685,503,794,839
BioRad,N1,FALSE,1,TRUE,P1,Asuragen,1.00E-04,5821,4681,7983,6810
BioRad,N2,FALSE,1,TRUE,P1,Asuragen,1.00E-04,5403,4409,6918,6360
BioRad,RPP30,TRUE,1,TRUE,P1,Asuragen,1.00E-04,5992,4534,6918,6574
BioRad,N1,FALSE,1,TRUE,P2,Imperial College,1,0.17,0.21,0.35,0.45
BioRad,N1,FALSE,2,TRUE,P2,Imperial College,1,,0.36,0.21,0.43
BioRad,N2,FALSE,1,TRUE,P2,Imperial College,1,0.68,0.21,0.28,0.22
BioRad,N2,FALSE,2,TRUE,P2,Imperial College,1,,0.14,0.14,0.34
BioRad,RPP30,TRUE,1,TRUE,P2,Imperial College,1,0,0,0,0
BioRad,RPP30,TRUE,2,TRUE,P2,Imperial College,1,,0.07,0.07,0.17
BioRad,N1,FALSE,1,TRUE,I1,Instand,1,87.9,77.9,69.1,82.9
BioRad,N2,FALSE,1,TRUE,I1,Instand,1,88.7,75.9,76.7,88.2
BioRad,RPP30,TRUE,1,TRUE,I1,Instand,1,0,0,0,0
BioRad,N1,FALSE,1,TRUE,R1,LGC SeraCare,1,6.8,6.73,7.09,7.94
BioRad,N2,FALSE,1,TRUE,R1,LGC SeraCare,1,5.62,6.32,8.2,7.38
BioRad,RPP30,TRUE,1,TRUE,R1,LGC SeraCare,1,0,0,0.44,0
BioRad,N1,FALSE,1,TRUE,I2,Microbiologics,1,197,187,267,221
BioRad,N2,FALSE,1,TRUE,I2,Microbiologics,1,165,168,240,195
BioRad,RPP30,TRUE,1,TRUE,I2,Microbiologics,1,72.2,70.1,85.5,80.7
BioRad,N1,FALSE,2,TRUE,R2,NIBSC,0.01,97.4,102,90.7,89
BioRad,N2,FALSE,2,TRUE,R2,NIBSC,0.01,117,119,103,103
BioRad,RPP30,TRUE,2,TRUE,R2,NIBSC,0.01,1.54,1.27,1.92,0.77
BioRad,N1,FALSE,2,TRUE,R2,NIBSC,0.1,941,955,853,856
BioRad,N2,FALSE,2,TRUE,R2,NIBSC,0.1,1105,1116,994,978
BioRad,RPP30,TRUE,2,TRUE,R2,NIBSC,0.1,16.7,14.1,14.7,15.6
BioRad,N1,FALSE,1,TRUE,R2,NIBSC,1,8928,8561,8054,8558
BioRad,N2,FALSE,1,TRUE,R2,NIBSC,1,9620,10191,10343,9159
BioRad,RPP30,TRUE,1,TRUE,R2,NIBSC,1,124,121,122,116
BioRad,N1,TRUE,1,TRUE,NTC,Nontemplate_control,1,0,0,,
BioRad,N2,TRUE,1,TRUE,NTC,Nontemplate_control,1,0.07,0,,
BioRad,RPP30,TRUE,1,TRUE,NTC,Nontemplate_control,1,0,0,,
BioRad,N1,FALSE,1,TRUE,I3,Thermo Fisher,1,7.47,9.43,6.75,9.1
BioRad,N2,FALSE,1,TRUE,I3,Thermo Fisher,1,9.3,8.94,8,8.32
BioRad,RPP30,TRUE,1,TRUE,I3,Thermo Fisher,1,0.06,0,0,0
BioRad,N1,FALSE,1,TRUE,ISN,WHO-IS_dilution_0,1,1000000,11558,11502,1000000
BioRad,N2,FALSE,1,TRUE,ISN,WHO-IS_dilution_0,1,1000000,1000000,11502,1000000
BioRad,RPP30,TRUE,1,TRUE,ISN,WHO-IS_dilution_0,1,94.5,85.44,84.32,83.06
BioRad,N1,FALSE,1,TRUE,IS1,WHO-IS_dilution_1,1,6517,7098,7344,8228
BioRad,N2,FALSE,1,TRUE,IS1,WHO-IS_dilution_1,1,7157,7542,8160,8852
BioRad,RPP30,TRUE,1,TRUE,IS1,WHO-IS_dilution_1,1,9.43,11.17,11.62,13.48
BioRad,N1,FALSE,1,TRUE,IS2,WHO-IS_dilution_2,1,409,460,568,44.6
BioRad,N1,FALSE,2,TRUE,IS2,WHO-IS_dilution_2,1,,,,621
BioRad,N2,FALSE,1,TRUE,IS2,WHO-IS_dilution_2,1,435,471,583,47
BioRad,N2,FALSE,2,TRUE,IS2,WHO-IS_dilution_2,1,,,,642
BioRad,RPP30,TRUE,1,TRUE,IS2,WHO-IS_dilution_2,1,0.47,0.55,1.19,0.21
BioRad,RPP30,TRUE,2,TRUE,IS2,WHO-IS_dilution_2,1,,,,1.91
BioRad,N1,FALSE,1,TRUE,IS3,WHO-IS_dilution_3,1,34.3,41.1,49.3,76.3
BioRad,N2,FALSE,1,TRUE,IS3,WHO-IS_dilution_3,1,39,41.5,52.2,78.7
BioRad,RPP30,TRUE,1,TRUE,IS3,WHO-IS_dilution_3,1,0.07,0.06,0.06,0.14
BioRad,N1,FALSE,1,TRUE,IS4,WHO-IS_dilution_4,1,3.92,4.41,3.65,5.05
BioRad,N2,FALSE,1,TRUE,IS4,WHO-IS_dilution_4,1,4.4,4.9,4.21,6.29
BioRad,RPP30,TRUE,1,TRUE,IS4,WHO-IS_dilution_4,1,0.14,0,0,0
BioRad,N1,FALSE,1,TRUE,IS5,WHO-IS_dilution_5,1,0.35,0.19,0.3,0.78
BioRad,N2,FALSE,1,TRUE,IS5,WHO-IS_dilution_5,1,0.14,0.45,0.52,0.58
BioRad,RPP30,TRUE,1,TRUE,IS5,WHO-IS_dilution_5,1,0,0.06,0,0
BioRad,N1,FALSE,1,TRUE,IS6,WHO-IS_dilution_6,1,0.07,0.06,0.18,0
BioRad,N2,FALSE,1,TRUE,IS6,WHO-IS_dilution_6,1,0.07,0,0.12,0
BioRad,RPP30,TRUE,1,TRUE,IS6,WHO-IS_dilution_6,1,0.07,0,0,0.06
BioRad,N1,FALSE,1,TRUE,I4,Zeptometrix,1,33.6,37.2,33.2,47.7
BioRad,N2,FALSE,1,TRUE,I4,Zeptometrix,1,34.4,37.8,33.1,49.3
BioRad,RPP30,TRUE,1,TRUE,I4,Zeptometrix,1,0,0.07,0,0
LabCorp,N1,FALSE,1,FALSE,P1,Asuragen,1.00E-04,26.58,26.91,27.929,26.522
LabCorp,N2,FALSE,1,FALSE,P1,Asuragen,1.00E-04,24.491,24.712,26.179,24.457
LabCorp,N1,FALSE,1,FALSE,P2,Imperial College,1,,,,
LabCorp,N2,FALSE,1,FALSE,P2,Imperial College,1,,,,
LabCorp,N1,FALSE,1,FALSE,I1,Instand,1,29.891,29.675,29.629,29.093
LabCorp,N2,FALSE,1,FALSE,I1,Instand,1,27.953,27.663,27.659,27.11
LabCorp,N1,FALSE,1,FALSE,R1,LGC SeraCare,1,33.586,33.846,33.638,34.284
LabCorp,N2,FALSE,1,FALSE,R1,LGC SeraCare,1,32.087,32.102,32.406,32.874
LabCorp,N1,FALSE,1,FALSE,I2,Microbiologics,1,28.644,28.767,29.067,29.355
LabCorp,N2,FALSE,1,FALSE,I2,Microbiologics,1,26.371,26.98,26.915,27.636
LabCorp,N1,FALSE,1,FALSE,R2,NIBSC,1,26.075,25.713,24.769,24.501
LabCorp,N2,FALSE,1,FALSE,R2,NIBSC,1,24.129,23.734,22.56,22.229
LabCorp,N1,TRUE,1,FALSE,NTC,Nontemplate_control,1,,,,
LabCorp,N2,TRUE,1,FALSE,NTC,Nontemplate_control,1,,,,
LabCorp,N1,FALSE,1,FALSE,I3,Thermo Fisher,1,33.61,33.29,33.138,32.712
LabCorp,N2,FALSE,1,FALSE,I3,Thermo Fisher,1,31.759,31.569,31.558,30.809
LabCorp,N1,FALSE,1,FALSE,ISN,WHO-IS_dilution_0,1,21.865,20.135,21.442,20.945
LabCorp,N2,FALSE,1,FALSE,ISN,WHO-IS_dilution_0,1,19.376,18.04,19.106,18.706
LabCorp,N1,FALSE,1,FALSE,IS1,WHO-IS_dilution_1,1,25.689,25.396,23.935,23.621
LabCorp,N2,FALSE,1,FALSE,IS1,WHO-IS_dilution_1,1,23.402,22.994,21.688,21.465
LabCorp,N1,FALSE,1,FALSE,IS2,WHO-IS_dilution_2,1,29.944,27.187,28.838,26.905
LabCorp,N2,FALSE,1,FALSE,IS2,WHO-IS_dilution_2,1,27.956,24.907,26.883,24.679
LabCorp,N1,FALSE,1,FALSE,IS3,WHO-IS_dilution_3,1,34.468,33.559,31.197,30.993
LabCorp,N2,FALSE,1,FALSE,IS3,WHO-IS_dilution_3,1,32.249,31.54,29.11,29.328
LabCorp,N1,FALSE,1,FALSE,IS4,WHO-IS_dilution_4,1,37.611,37.187,34.562,34.248
LabCorp,N2,FALSE,1,FALSE,IS4,WHO-IS_dilution_4,1,35.366,35.427,32.908,32.228
LabCorp,N1,FALSE,1,FALSE,IS5,WHO-IS_dilution_5,1,,,38.208,37.581
LabCorp,N2,FALSE,1,FALSE,IS5,WHO-IS_dilution_5,1,,40.053,36.483,36.499
LabCorp,N1,FALSE,1,FALSE,IS6,WHO-IS_dilution_6,1,,,,
LabCorp,N2,FALSE,1,FALSE,IS6,WHO-IS_dilution_6,1,,41.286,,
LabCorp,N1,FALSE,1,FALSE,I4,Zeptometrix,1,,,,
LabCorp,N2,FALSE,1,FALSE,I4,Zeptometrix,1,,,,
LANL,N1,FALSE,1,FALSE,P1,Asuragen,1.00E-04,18.6553,18.721,18.4612,18.2787
LANL,N2,FALSE,1,FALSE,P1,Asuragen,1.00E-04,20.0321,20.0161,19.6512,19.431
LANL,RP,TRUE,1,FALSE,P1,Asuragen,1.00E-04,25.2555,25.1308,24.9679,24.8717
LANL,N1,FALSE,1,FALSE,P2,Imperial College,1,33.2228,33.8049,35.2115,32.417
LANL,N2,FALSE,1,FALSE,P2,Imperial College,1,34.3322,33.5769,35.7623,34.3141
LANL,RP,TRUE,1,FALSE,P2,Imperial College,1,,,,
LANL,N1,FALSE,1,FALSE,I1,Instand,1,24.3095,24.2942,24.0923,24.2494
LANL,N2,FALSE,1,FALSE,I1,Instand,1,25.59,25.6732,25.3193,25.5667
LANL,RP,TRUE,1,FALSE,I1,Instand,1,,,,
LANL,N1,FALSE,1,FALSE,R1,LGC SeraCare,1,27.7825,28.1187,28.0406,28.516
LANL,N2,FALSE,1,FALSE,R1,LGC SeraCare,1,29.4827,29.5154,29.6062,29.9574
LANL,RP,TRUE,1,FALSE,R1,LGC SeraCare,1,,35.363,,35.3547
LANL,N1,FALSE,1,FALSE,I2,Microbiologics,1,23.4783,23.2786,23.5903,23.459
LANL,N2,FALSE,1,FALSE,I2,Microbiologics,1,25.0501,24.9918,25.0374,24.9628
LANL,RP,TRUE,1,FALSE,I2,Microbiologics,1,25.9281,26.0045,25.9879,25.9137
LANL,N1,FALSE,1,FALSE,R2,NIBSC,1,19.7374,19.5827,19.4669,19.5995
LANL,N2,FALSE,1,FALSE,R2,NIBSC,1,20.9992,21.1709,21.3197,21.3931
LANL,RP,TRUE,1,FALSE,R2,NIBSC,1,21.1901,21.33,21.4254,21.5004
LANL,N1,TRUE,1,FALSE,NTC,Nontemplate_control,1,,,,
LANL,N2,TRUE,1,FALSE,NTC,Nontemplate_control,1,,,,
LANL,RP,TRUE,1,FALSE,NTC,Nontemplate_control,1,,,,
LANL,N1,FALSE,1,FALSE,I3,Thermo Fisher,1,28.1368,28.1692,28.797,28.2335
LANL,N2,FALSE,1,FALSE,I3,Thermo Fisher,1,29.2303,29.3225,30.2259,29.9132
LANL,RP,TRUE,1,FALSE,I3,Thermo Fisher,1,,,,
LANL,N1,FALSE,1,FALSE,ISN,WHO-IS_dilution_0,1,15.4177,15.4738,15.458,15.4966
LANL,N2,FALSE,1,FALSE,ISN,WHO-IS_dilution_0,1,16.4666,16.3903,16.3651,16.4151
LANL,RP,TRUE,1,FALSE,ISN,WHO-IS_dilution_0,1,27.0383,26.8167,26.9265,26.6995
LANL,N1,FALSE,1,FALSE,IS1,WHO-IS_dilution_1,1,18.3063,18.259,18.3031,18.2138
LANL,N2,FALSE,1,FALSE,IS1,WHO-IS_dilution_1,1,19.6244,19.4764,19.4099,19.3727
LANL,RP,TRUE,1,FALSE,IS1,WHO-IS_dilution_1,1,28.5593,28.7551,28.8467,28.4734
LANL,N1,FALSE,1,FALSE,IS2,WHO-IS_dilution_2,1,21.7773,21.8133,21.9768,21.7931
LANL,N2,FALSE,1,FALSE,IS2,WHO-IS_dilution_2,1,23.2363,23.2544,23.2799,23.283
LANL,RP,TRUE,1,FALSE,IS2,WHO-IS_dilution_2,1,31.7713,32.0304,31.724,32.0133
LANL,N1,FALSE,1,FALSE,IS3,WHO-IS_dilution_3,1,25.363,25.0564,25.5035,25.236
LANL,N2,FALSE,1,FALSE,IS3,WHO-IS_dilution_3,1,27.0427,26.7603,26.9406,26.7389
LANL,RP,TRUE,1,FALSE,IS3,WHO-IS_dilution_3,1,43.3782,35.6374,34.0588,35.8761
LANL,N1,FALSE,1,FALSE,IS4,WHO-IS_dilution_4,1,29.165,28.2802,28.7207,28.9496
LANL,N2,FALSE,1,FALSE,IS4,WHO-IS_dilution_4,1,30.3955,29.7329,30.4757,30.4734
LANL,RP,TRUE,1,FALSE,IS4,WHO-IS_dilution_4,1,,,,
LANL,N1,FALSE,1,FALSE,IS5,WHO-IS_dilution_5,1,31.9984,32.5972,32.4203,31.543
LANL,N2,FALSE,1,FALSE,IS5,WHO-IS_dilution_5,1,33.499,34.0791,34.0262,34.0834
LANL,RP,TRUE,1,FALSE,IS5,WHO-IS_dilution_5,1,,,,
LANL,N1,FALSE,1,FALSE,IS6,WHO-IS_dilution_6,1,,,,
LANL,N2,FALSE,1,FALSE,IS6,WHO-IS_dilution_6,1,,37.4426,,
LANL,RP,TRUE,1,FALSE,IS6,WHO-IS_dilution_6,1,,,,
LANL,N1,FALSE,2,FALSE,I4,Zeptometrix,1,27.8049,26.9215,27.0926,27.4738
LANL,N2,FALSE,2,FALSE,I4,Zeptometrix,1,30.0281,29.0724,29.0141,29.5082
LANL,RP,TRUE,2,FALSE,I4,Zeptometrix,1,,,,
Mayo,ORF1ab,FALSE,1,FALSE,P1h,Asuragen,1.00E-04,,,,
Mayo,E,FALSE,1,FALSE,P1h,Asuragen,1.00E-04,25.46,25.17,24.49,24.02
Mayo,ORF1ab,FALSE,1,FALSE,P2,Imperial College,1,,,,
Mayo,E,FALSE,1,FALSE,P2,Imperial College,1,,,,
Mayo,ORF1ab,FALSE,1,FALSE,I1c,Instand,1,27.84,27.71,27.68,27.31
Mayo,E,FALSE,1,FALSE,I1c,Instand,1,28.39,28.29,28.23,27.87
Mayo,ORF1ab,FALSE,1,FALSE,R1,LGC SeraCare,1,30.24,30.09,30.02,30.01
Mayo,E,FALSE,1,FALSE,R1,LGC SeraCare,1,31.05,30.94,31.03,30.78
Mayo,ORF1ab,FALSE,1,FALSE,I2d,Microbiologics,1,28.09,27.96,28.03,27.92
Mayo,E,FALSE,1,FALSE,I2d,Microbiologics,1,29.6,29.43,29.47,29.24
Mayo,ORF1ab,FALSE,1,FALSE,"R2f,g",NIBSC,1,21.22,20.61,21.18,20.97
Mayo,E,FALSE,1,FALSE,"R2f,g",NIBSC,1,32,31.51,31.9,31.74
Mayo,ORF1ab,TRUE,1,FALSE,NTC,Nontemplate_control,1,,,,
Mayo,E,TRUE,1,FALSE,NTC,Nontemplate_control,1,,,,
Mayo,ORF1ab,FALSE,1,FALSE,I3,Thermo Fisher,1,30,29.86,30.24,29.8
Mayo,E,FALSE,1,FALSE,I3,Thermo Fisher,1,30.85,30.64,31.12,30.71
Mayo,ORF1ab,FALSE,1,FALSE,ISNa,WHO-IS_dilution_0,1,,,,
Mayo,E,FALSE,1,FALSE,ISNa,WHO-IS_dilution_0,1,,,,
Mayo,ORF1ab,FALSE,1,FALSE,IS1b,WHO-IS_dilution_1,1,21.23,20.82,20.64,20.89
Mayo,E,FALSE,1,FALSE,IS1b,WHO-IS_dilution_1,1,21.82,21.55,21.13,21.35
Mayo,ORF1ab,FALSE,1,FALSE,IS2b,WHO-IS_dilution_2,1,24.02,24.15,24.13,23.99
Mayo,E,FALSE,1,FALSE,IS2b,WHO-IS_dilution_2,1,24.59,24.7,24.67,24.62
Mayo,ORF1ab,FALSE,1,FALSE,IS3b,WHO-IS_dilution_3,1,27.3,27.38,27.45,27.16
Mayo,E,FALSE,1,FALSE,IS3b,WHO-IS_dilution_3,1,27.95,27.99,28.27,27.76
Mayo,ORF1ab,FALSE,1,FALSE,IS4b,WHO-IS_dilution_4,1,30.58,30.69,30.36,30.72
Mayo,E,FALSE,1,FALSE,IS4b,WHO-IS_dilution_4,1,31.43,31.53,31.37,31.61
Mayo,ORF1ab,FALSE,1,FALSE,IS5b,WHO-IS_dilution_5,1,33.27,33.4,33.28,33.18
Mayo,E,FALSE,1,FALSE,IS5b,WHO-IS_dilution_5,1,34.59,34.59,34.89,34.44
Mayo,ORF1ab,FALSE,1,FALSE,IS6b,WHO-IS_dilution_6,1,35.94,34.94,35.32,35.69
Mayo,E,FALSE,1,FALSE,IS6b,WHO-IS_dilution_6,1,37.73,37.21,37.03,38.27
Mayo,ORF1ab,FALSE,1,FALSE,I4e,Zeptometrix,1,28.98,28.99,29.17,29.25
Mayo,E,FALSE,1,FALSE,I4e,Zeptometrix,1,29.24,29.3,29.46,29.55
MUSC,RdRP:N,FALSE,1,FALSE,P1,Asuragen,1.00E-04,18.05,22.25,,
MUSC,RdRP:N,FALSE,1,FALSE,P2,Imperial College,1,31.35,33.53,31.87,31.21
MUSC,RdRP:N,FALSE,1,FALSE,I1,Instand,1,25.64,24.59,24.89,24.88
MUSC,RdRP:N,FALSE,1,FALSE,R1,LGC SeraCare,1,28.72,28.64,28.4,28.32
MUSC,RdRP:N,FALSE,1,FALSE,I2,Microbiologics,1,27.02,25.63,25.59,25.22
MUSC,RdRP:N,FALSE,1,FALSE,R2,NIBSC,1,19.68,20.47,19.81,19.59
MUSC,RdRP:N,TRUE,1,FALSE,NTC,Nontemplate_control,1,,,,
MUSC,RdRP:N,FALSE,1,FALSE,I3,Thermo Fisher,1,26.23,26.1,25.9,25.64
MUSC,RdRP:N,FALSE,1,FALSE,ISN,WHO-IS_dilution_0,1,17.32,16.24,16.61,16.64
MUSC,RdRP:N,FALSE,1,FALSE,IS1,WHO-IS_dilution_1,1,19.79,20.21,19.88,19.53
MUSC,RdRP:N,FALSE,1,FALSE,IS2,WHO-IS_dilution_2,1,23.35,23.19,24.04,23.55
MUSC,RdRP:N,FALSE,1,FALSE,IS3,WHO-IS_dilution_3,1,26.93,25.66,26.12,26.9
MUSC,RdRP:N,FALSE,1,FALSE,IS4,WHO-IS_dilution_4,1,30.21,27.32,27.93,27.46
MUSC,RdRP:N,FALSE,1,FALSE,IS5,WHO-IS_dilution_5,1,34.87,29.31,29.91,29.73
MUSC,RdRP:N,FALSE,1,FALSE,IS6,WHO-IS_dilution_6,1,37.13,31.19,32,31.27
MUSC,RdRP:N,FALSE,1,FALSE,I4,Zeptometrix ,1,28.79,27.17,27.19,29.18
Quest,N1,FALSE,1,FALSE,P1,Asuragen,1.00E-04,22.01,21.72,21.74,21.84
Quest,N3,FALSE,1,FALSE,P1,Asuragen,1.00E-04,21.17,20.78,20.91,21.1
Quest,N1,FALSE,1,FALSE,P2,Imperial College,1,32.21,32.23,32.73,31.89
Quest,N3,FALSE,1,FALSE,P2,Imperial College,1,32.06,31.7,32.32,30.74
Quest,N1,FALSE,1,FALSE,I1,Instand,1,24.76,25.04,24.73,24.68
Quest,N3,FALSE,1,FALSE,I1,Instand,1,23.8,23.93,23.66,23.71
Quest,N1,FALSE,1,FALSE,R1,LGC SeraCare,1,29.07,28.72,29.06,28.86
Quest,N3,FALSE,1,FALSE,R1,LGC SeraCare,1,27.98,27.63,27.9,27.67
Quest,N1,FALSE,1,FALSE,I2,Microbiologics,1,24.74,24.69,24.74,24.68
Quest,N3,FALSE,1,FALSE,I2,Microbiologics,1,24.75,24.66,24.71,24.54
Quest,N1,FALSE,1,FALSE,R2,NIBSC,1,19.86,19.48,19.72,19.67
Quest,N3,FALSE,1,FALSE,R2,NIBSC,1,18.8,18.55,18.75,18.67
Quest,N1,TRUE,1,FALSE,NTC,Nontemplate_control,1,,,,
Quest,N3,TRUE,1,FALSE,NTC,Nontemplate_control,1,,,,
Quest,N1,FALSE,1,FALSE,I3,Thermo Fisher,1,28.41,28.42,28.32,28.46
Quest,N3,FALSE,1,FALSE,I3,Thermo Fisher,1,27.47,27.43,27.4,27.34
Quest,N1,FALSE,1,FALSE,ISN,WHO-IS_dilution_0,1,16.73,16.37,16.51,16.43
Quest,N3,FALSE,1,FALSE,ISN,WHO-IS_dilution_0,1,15.9,15.62,15.65,15.63
Quest,N1,FALSE,1,FALSE,IS1,WHO-IS_dilution_1,1,20.01,19.76,20.01,19.75
Quest,N3,FALSE,1,FALSE,IS1,WHO-IS_dilution_1,1,19.03,18.78,18.91,18.75
Quest,N1,FALSE,1,FALSE,IS2,WHO-IS_dilution_2,1,23.05,23.01,23.08,23.06
Quest,N3,FALSE,1,FALSE,IS2,WHO-IS_dilution_2,1,22.03,21.85,21.99,21.93
Quest,N1,FALSE,1,FALSE,IS3,WHO-IS_dilution_3,1,26.5,26.38,26.55,26.52
Quest,N3,FALSE,1,FALSE,IS3,WHO-IS_dilution_3,1,25.4,25.21,25.46,25.36
Quest,N1,FALSE,1,FALSE,IS4,WHO-IS_dilution_4,1,29.61,29.69,29.97,30.03
Quest,N3,FALSE,1,FALSE,IS4,WHO-IS_dilution_4,1,28.43,28.51,28.57,28.89
Quest,N1,FALSE,1,FALSE,IS5,WHO-IS_dilution_5,1,32.74,32.99,34.48,32.81
Quest,N3,FALSE,1,FALSE,IS5,WHO-IS_dilution_5,1,32.15,31.46,31.96,31.38
Quest,N1,FALSE,1,FALSE,IS6,WHO-IS_dilution_6,1,,35.22,35.21,36.35
Quest,N3,FALSE,1,FALSE,IS6,WHO-IS_dilution_6,1,,35.24,34.44,33.87
Quest,N1,FALSE,1,FALSE,I4,Zeptometrix,1,26.3,26.34,26.35,26.38
Quest,N3,FALSE,1,FALSE,I4,Zeptometrix,1,25.09,25.09,24.98,25.02
Stanford,IC,TRUE,1,FALSE,P1,Asuragen,1.00E-04,33.58,34.05,34,33.99
Stanford,N,FALSE,1,FALSE,P1,Asuragen,1.00E-04,21,20.95,21.46,21.11
Stanford,ORF1ab,FALSE,1,FALSE,P1,Asuragen,1.00E-04,20.91,20.77,21.29,20.9
Stanford,IC,TRUE,1,FALSE,P2,Imperial College,1,31.68,31.97,31.61,31.65
Stanford,N,FALSE,1,FALSE,P2,Imperial College,1,32.8,32.42,32.45,32.41
Stanford,ORF1ab,FALSE,1,FALSE,P2,Imperial College,1,,,,
Stanford,IC,TRUE,1,FALSE,I1,Instand,1,35.52,36.53,35.1,35.35
Stanford,N,FALSE,1,FALSE,I1,Instand,1,26.42,26.53,26.13,26.47
Stanford,ORF1ab,FALSE,1,FALSE,I1,Instand,1,27.4,27.92,26.63,26.85
Stanford,IC,TRUE,1,FALSE,R1,LGC SeraCare,1,32.58,32.91,34.41,32.79
Stanford,N,FALSE,1,FALSE,R1,LGC SeraCare,1,28.9,29.12,28.76,29.09
Stanford,ORF1ab,FALSE,1,FALSE,R1,LGC SeraCare,1,26.84,26.76,27.33,26.87
Stanford,IC,TRUE,1,FALSE,I2,Microbiologics,1,34.29,33.78,33.7,33.87
Stanford,N,FALSE,1,FALSE,I2,Microbiologics,1,25.45,25.01,25.04,24.85
Stanford,ORF1ab,FALSE,1,FALSE,I2,Microbiologics,1,27.07,26.71,26.74,26.61
Stanford,IC,TRUE,1,FALSE,R2,NIBSC,1,34.66,34.03,34.11,33.99
Stanford,N,FALSE,1,FALSE,R2,NIBSC,1,20.22,19.79,19.92,19.38
Stanford,ORF1ab,FALSE,1,FALSE,R2,NIBSC,1,19.74,19.32,19.28,19.01
Stanford,IC,TRUE,1,FALSE,NTC,Nontemplate_control,1,,,,
Stanford,N,TRUE,1,FALSE,NTC,Nontemplate_control,1,,,,
Stanford,ORF1ab,TRUE,1,FALSE,NTC,Nontemplate_control,1,,,,
Stanford,IC,TRUE,1,FALSE,I3,Thermo Fisher,1,33.01,33.11,33.28,33.58
Stanford,N,FALSE,1,FALSE,I3,Thermo Fisher,1,29.53,29.37,29.22,29.7
Stanford,ORF1ab,FALSE,1,FALSE,I3,Thermo Fisher,1,30.03,29.48,30.15,29.67
Stanford,IC,TRUE,1,FALSE,ISN,WHO-IS_dilution_0,1,40.46,36.92,37,35.63
Stanford,N,FALSE,1,FALSE,ISN,WHO-IS_dilution_0,1,20.3,20.7,21.1,20.67
Stanford,ORF1ab,FALSE,1,FALSE,ISN,WHO-IS_dilution_0,1,22.32,20.22,20.15,19.66
Stanford,IC,TRUE,1,FALSE,IS1,WHO-IS_dilution_1,1,37.62,34.93,35.03,35.19
Stanford,N,FALSE,1,FALSE,IS1,WHO-IS_dilution_1,1,22.92,22.67,22.5,22.68
Stanford,ORF1ab,FALSE,1,FALSE,IS1,WHO-IS_dilution_1,1,23.65,21.86,21.47,22.09
Stanford,IC,TRUE,1,FALSE,IS2,WHO-IS_dilution_2,1,35.92,34.01,34.65,36.94
Stanford,N,FALSE,1,FALSE,IS2,WHO-IS_dilution_2,1,25.61,25.24,25.27,25.21
Stanford,ORF1ab,FALSE,1,FALSE,IS2,WHO-IS_dilution_2,1,25.49,24.71,24.23,25.97
Stanford,IC,TRUE,1,FALSE,IS3,WHO-IS_dilution_3,1,33.79,36.53,34.36,34.1
Stanford,N,FALSE,1,FALSE,IS3,WHO-IS_dilution_3,1,28.76,28.31,28.54,28.5
Stanford,ORF1ab,FALSE,1,FALSE,IS3,WHO-IS_dilution_3,1,28.15,29.66,27.74,28.04
Stanford,IC,TRUE,1,FALSE,IS4,WHO-IS_dilution_4,1,32.5,32.97,32.29,32.93
Stanford,N,FALSE,1,FALSE,IS4,WHO-IS_dilution_4,1,31.28,31.98,31.44,31.47
Stanford,ORF1ab,FALSE,1,FALSE,IS4,WHO-IS_dilution_4,1,30.54,30.93,30.49,30.72
Stanford,IC,TRUE,1,FALSE,IS5,WHO-IS_dilution_5,1,32.74,33.14,32.09,32.28
Stanford,N,FALSE,1,FALSE,IS5,WHO-IS_dilution_5,1,35.6,34.18,33.43,34.66
Stanford,ORF1ab,FALSE,1,FALSE,IS5,WHO-IS_dilution_5,1,33.81,33.3,33.56,34.1
Stanford,IC,TRUE,1,FALSE,IS6,WHO-IS_dilution_6,1,33.01,32.22,31.85,32.29
Stanford,N,FALSE,1,FALSE,IS6,WHO-IS_dilution_6,1,,36.96,34.92,
Stanford,ORF1ab,FALSE,1,FALSE,IS6,WHO-IS_dilution_6,1,,35.94,33.71,
Western,N,FALSE,1,FALSE,P1,Asuragen,1.00E-04,24.50035667,21.74874115,24.50748062,23.88815498
Western,ORF1ab,FALSE,1,FALSE,P1,Asuragen,1.00E-04,,,,
Western,S,FALSE,1,FALSE,P1,Asuragen,1.00E-04,,,,
Western,N,FALSE,1,FALSE,P2,Imperial College,1,33.14867783,32.67408371,32.763237,33.28149033
Western,ORF1ab,FALSE,1,FALSE,P2,Imperial College,1,,,,
Western,S,FALSE,1,FALSE,P2,Imperial College,1,,,,
Western,N,FALSE,1,FALSE,I1,Instand,1,22.61687469,24.37610435,25.87634659,25.92376709
Western,ORF1ab,FALSE,1,FALSE,I1,Instand,1,24.82235718,25.94095993,25.78925514,25.96167755
Western,S,FALSE,1,FALSE,I1,Instand,1,23.2990818,24.93744087,24.96360588,24.85638046
Western,N,FALSE,1,FALSE,R1,LGC SeraCare,1,29.92874146,30.13456154,30.09516144,29.98858833
Western,ORF1ab,FALSE,1,FALSE,R1,LGC SeraCare,1,30.49344254,30.40947151,30.35421562,30.68119049
Western,S,FALSE,1,FALSE,R1,LGC SeraCare,1,29.17166519,29.03946114,28.88614464,29.6195488
Western,N,FALSE,1,FALSE,I2,Microbiologics,1,25.46406937,25.73941612,25.45559692,25.64907646
Western,ORF1ab,FALSE,1,FALSE,I2,Microbiologics,1,26.0776062,26.55814362,25.80632019,26.26210022
Western,S,FALSE,1,FALSE,I2,Microbiologics,1,25.51018333,26.07092094,25.46337318,25.66569328
Western,N,FALSE,1,FALSE,R2,NIBSC,1,19.84531593,20.26403809,19.88158989,21.94505119
Western,ORF1ab,FALSE,1,FALSE,R2,NIBSC,1,22.04889679,22.27746391,20.41437721,22.41466331
Western,S,FALSE,1,FALSE,R2,NIBSC,1,21.93687248,22.18214226,22.05302238,22.23492622
Western,N,TRUE,1,FALSE,NTC,Nontemplate_control,1,,,,
Western,ORF1ab,TRUE,1,FALSE,NTC,Nontemplate_control,1,,,,
Western,S,TRUE,1,FALSE,NTC,Nontemplate_control,1,,,,
Western,N,FALSE,1,FALSE,I3,Thermo Fisher,1,29.18768692,29.13957787,29.58677864,29.30807114
Western,ORF1ab,FALSE,1,FALSE,I3,Thermo Fisher,1,29.04882622,28.95711517,28.98664284,29.07543182
Western,S,FALSE,1,FALSE,I3,Thermo Fisher,1,28.43994904,28.16777992,28.18956566,28.43351364
Western,N,FALSE,1,FALSE,ISN,WHO-IS_dilution_0,1,15.70156574,16.27132225,16.12629509,16.31706047
Western,ORF1ab,FALSE,1,FALSE,ISN,WHO-IS_dilution_0,1,14.43546581,16.84498787,16.9083252,15.2994709
Western,S,FALSE,1,FALSE,ISN,WHO-IS_dilution_0,1,15.76873875,15.97367764,15.93564034,15.80632782
Western,N,FALSE,1,FALSE,IS1,WHO-IS_dilution_1,1,19.48742104,19.45610237,19.61773491,20.82007027
Western,ORF1ab,FALSE,1,FALSE,IS1,WHO-IS_dilution_1,1,20.23243523,18.63952255,20.0664196,19.8552742
Western,S,FALSE,1,FALSE,IS1,WHO-IS_dilution_1,1,19.51568794,19.24320602,19.3310833,18.81338882
Western,N,FALSE,1,FALSE,IS2,WHO-IS_dilution_2,1,24.39898682,24.64363861,22.60706329,24.33486366
Western,ORF1ab,FALSE,1,FALSE,IS2,WHO-IS_dilution_2,1,23.67168236,23.92990112,23.80745506,23.67414665
Western,S,FALSE,1,FALSE,IS2,WHO-IS_dilution_2,1,22.74937248,23.08917999,22.76316643,22.66128159
Western,N,FALSE,1,FALSE,IS3,WHO-IS_dilution_3,1,27.43802834,27.82112694,25.59439468,27.80732918
Western,ORF1ab,FALSE,1,FALSE,IS3,WHO-IS_dilution_3,1,26.54540062,26.8991642,24.70799065,26.83385086
Western,S,FALSE,1,FALSE,IS3,WHO-IS_dilution_3,1,25.65964699,25.82189178,25.66961479,25.97300339
Western,N,FALSE,1,FALSE,IS4,WHO-IS_dilution_4,1,30.92096329,30.97891235,25.3939743,31.05426407
Western,ORF1ab,FALSE,1,FALSE,IS4,WHO-IS_dilution_4,1,30.37425804,30.42392159,30.42399406,30.40138245
Western,S,FALSE,1,FALSE,IS4,WHO-IS_dilution_4,1,29.68419266,29.61850166,29.58295059,29.85268593
Western,N,FALSE,1,FALSE,IS5,WHO-IS_dilution_5,1,33.98626328,34.3492775,34.92313004,34.60001373
Western,ORF1ab,FALSE,1,FALSE,IS5,WHO-IS_dilution_5,1,33.25823593,34.10147095,32.95726395,33.487854
Western,S,FALSE,1,FALSE,IS5,WHO-IS_dilution_5,1,33.20589066,32.42542267,33.34720993,32.82831573
Western,N,FALSE,1,FALSE,IS6,WHO-IS_dilution_6,1,,,,37.88062668
Western,ORF1ab,FALSE,1,FALSE,IS6,WHO-IS_dilution_6,1,,37.21677399,37.00743484,35.64439774
Western,S,FALSE,1,FALSE,IS6,WHO-IS_dilution_6,1,,,,
Western,N,FALSE,1,FALSE,I4,Zeptometrix,1,25.81970787,27.83374596,27.88698196,27.82073021
Western,ORF1ab,FALSE,1,FALSE,I4,Zeptometrix,1,26.82226944,26.96807098,26.87739182,27.11157036
Western,S,FALSE,1,FALSE,I4,Zeptometrix,1,25.92133141,26.11415672,25.97841072,26.25806236
LabCorp2,N1,FALSE,2,FALSE,P1,Asuragen,1.00E-04,26.265398,26.424772,26.3343,26.153809
LabCorp2,N1,FALSE,2,FALSE,P2,Imperial College,1,,,,
LabCorp2,N1,FALSE,2,FALSE,I1,Instand,1,29.041142,29.406727,28.859854,28.839787
LabCorp2,N1,FALSE,2,FALSE,R1,LGC SeraCare,1,33.147236,33.373543,33.326656,33.597744
LabCorp2,N1,FALSE,2,FALSE,I2,Microbiologics,1,28.605585,28.046644,28.7537,28.695885
LabCorp2,N1,FALSE,2,FALSE,R2,NIBSC,1,23.857344,24.19986,24.244911,24.356575
LabCorp2,N1,TRUE,2,FALSE,NTC,Nontemplate_control,1,,,,
LabCorp2,N1,FALSE,2,FALSE,I3,Thermo Fisher,1,32.448967,32.95813,32.600582,32.908947
LabCorp2,N1,FALSE,2,FALSE,ISN,WHO-IS_dilution_0,1,20.128,20.140,20.284,20.026
LabCorp2,N1,FALSE,2,FALSE,IS1,WHO-IS_dilution_1,1,23.657,23.842,23.700,23.890
LabCorp2,N1,FALSE,2,FALSE,IS2,WHO-IS_dilution_2,1,26.904,27.242,27.018,27.049
LabCorp2,N1,FALSE,2,FALSE,IS3,WHO-IS_dilution_3,1,31.045,31.172,30.982,30.980
LabCorp2,N1,FALSE,2,FALSE,IS4,WHO-IS_dilution_4,1,35.153,34.696,34.367,34.938
LabCorp2,N1,FALSE,2,FALSE,IS5,WHO-IS_dilution_5,1,37.394,39.032,39.968,36.995
LabCorp2,N1,FALSE,2,FALSE,IS6,WHO-IS_dilution_6,1,39.434,,,
LabCorp2,N1,FALSE,2,FALSE,I4,Zeptometrix,1,,,,
LabCorp2,N2,FALSE,2,FALSE,P1,Asuragen,1.00E-04,24.492527,24.846952,24.68006,24.739836
LabCorp2,N2,FALSE,2,FALSE,P2,Imperial College,1,,,,
LabCorp2,N2,FALSE,2,FALSE,I1,Instand,1,27.41788,27.651709,27.136593,27.100769
LabCorp2,N2,FALSE,2,FALSE,R1,LGC SeraCare,1,31.689976,31.899035,32.120934,32.259224
LabCorp2,N2,FALSE,2,FALSE,I2,Microbiologics,1,26.948345,25.998854,27.201355,27.26092
LabCorp2,N2,FALSE,2,FALSE,R2,NIBSC,1,22.104141,22.183453,22.292984,22.432201
LabCorp2,N2,TRUE,2,FALSE,NTC,Nontemplate_control,1,,,,
LabCorp2,N2,FALSE,2,FALSE,I3,Thermo Fisher,1,31.043844,31.426708,30.999727,31.209959
LabCorp2,N2,FALSE,2,FALSE,ISN,WHO-IS_dilution_0,1,18.136,18.213,18.303,17.994
LabCorp2,N2,FALSE,2,FALSE,IS1,WHO-IS_dilution_1,1,21.681,21.872,21.820,22.110
LabCorp2,N2,FALSE,2,FALSE,IS2,WHO-IS_dilution_2,1,25.144,25.398,25.212,25.226
LabCorp2,N2,FALSE,2,FALSE,IS3,WHO-IS_dilution_3,1,29.489,29.452,29.263,29.178
LabCorp2,N2,FALSE,2,FALSE,IS4,WHO-IS_dilution_4,1,33.301,33.088,32.918,33.151
LabCorp2,N2,FALSE,2,FALSE,IS5,WHO-IS_dilution_5,1,36.340,36.898,37.962,35.492
LabCorp2,N2,FALSE,2,FALSE,IS6,WHO-IS_dilution_6,1,,40.725,40.525,
LabCorp2,N2,FALSE,2,FALSE,I4,Zeptometrix,1,,,,